,acousticness,danceability,duration_ms,energy,id,instrumentalness,key,liveness,loudness,mode,speechiness,tempo,time_signature,track_href,uri,valence,track.album.album_type,track.album.id,track.album.name,track.album.release_date,track.album.release_date_precision,track.album.total_tracks,track.album.type,track.album.uri,track.artists,track.duration_ms,track.explicit,track.href,track.id,track.name,track.popularity,track.track_number
1,0.00371,0.384,190733,0.793,4erbxwjfevEeeAhfhBgTun,0,0,0.542,-6.743,1,0.0416,170.844,4,https://api.spotify.com/v1/tracks/4erbxwjfevEeeAhfhBgTun,spotify:track:4erbxwjfevEeeAhfhBgTun,0.531,album,2MepPOmvj6EFMFxal61R18,Coughing Up A Storm,1995-03-01,day,18,album,spotify:album:2MepPOmvj6EFMFxal61R18,"[{'external_urls': {'spotify': 'https://open.spotify.com/artist/4cxBQR2C44tnfQ74lpFN7N'}, 'href': 'https://api.spotify.com/v1/artists/4cxBQR2C44tnfQ74lpFN7N', 'id': '4cxBQR2C44tnfQ74lpFN7N', 'name': 'Frenzal Rhomb', 'type': 'artist', 'uri': 'spotify:artist:4cxBQR2C44tnfQ74lpFN7N'}]",190733,True,https://api.spotify.com/v1/tracks/4erbxwjfevEeeAhfhBgTun,4erbxwjfevEeeAhfhBgTun,Run,21,3
2,0.0249,0.572,273667,0.762,1jfzCY0ca2Uvf0Zu4ncBSY,0.0016,11,0.0798,-5.148,1,0.0242,95.982,4,https://api.spotify.com/v1/tracks/1jfzCY0ca2Uvf0Zu4ncBSY,spotify:track:1jfzCY0ca2Uvf0Zu4ncBSY,0.661,album,1gqbUOpbpoEH83HP7JevAL,Dosage,1999-01-29,day,11,album,spotify:album:1gqbUOpbpoEH83HP7JevAL,"[{'external_urls': {'spotify': 'https://open.spotify.com/artist/4e5V1Q2dKCzbLVMQ8qbTn6'}, 'href': 'https://api.spotify.com/v1/artists/4e5V1Q2dKCzbLVMQ8qbTn6', 'id': '4e5V1Q2dKCzbLVMQ8qbTn6', 'name': 'Collective Soul', 'type': 'artist', 'uri': 'spotify:artist:4e5V1Q2dKCzbLVMQ8qbTn6'}]",273666,False,https://api.spotify.com/v1/tracks/1jfzCY0ca2Uvf0Zu4ncBSY,1jfzCY0ca2Uvf0Zu4ncBSY,Run,49,7
3,0.499,0.547,245440,0.562,1EXMjx4nCIvYTaY5CZMUSl,0.00104,11,0.129,-10.046,0,0.0326,75.604,4,https://api.spotify.com/v1/tracks/1EXMjx4nCIvYTaY5CZMUSl,spotify:track:1EXMjx4nCIvYTaY5CZMUSl,0.331,album,0yrbBqU42geLWgpynM3Fqe,The Road Less Traveled,2001-01-01,day,10,album,spotify:album:0yrbBqU42geLWgpynM3Fqe,"[{'external_urls': {'spotify': 'https://open.spotify.com/artist/5vngPClqofybhPERIqQMYd'}, 'href': 'https://api.spotify.com/v1/artists/5vngPClqofybhPERIqQMYd', 'id': '5vngPClqofybhPERIqQMYd', 'name': 'George Strait', 'type': 'artist', 'uri': 'spotify:artist:5vngPClqofybhPERIqQMYd'}]",245440,False,https://api.spotify.com/v1/tracks/1EXMjx4nCIvYTaY5CZMUSl,1EXMjx4nCIvYTaY5CZMUSl,Run,57,2
4,0.14,0.545,243427,0.674,3eXmt3GMlGoYo3tX6ArQZt,0.00332,6,0.0777,-8.272,1,0.0261,76.733,4,https://api.spotify.com/v1/tracks/3eXmt3GMlGoYo3tX6ArQZt,spotify:track:3eXmt3GMlGoYo3tX6ArQZt,0.885,album,3bqtPZ5OFyLSjribXic2uj,Whatever Gets You Through The Day,2001-01-01,day,11,album,spotify:album:3bqtPZ5OFyLSjribXic2uj,"[{'external_urls': {'spotify': 'https://open.spotify.com/artist/6edGSAX5dVpeJVwu1Q0NwJ'}, 'href': 'https://api.spotify.com/v1/artists/6edGSAX5dVpeJVwu1Q0NwJ', 'id': '6edGSAX5dVpeJVwu1Q0NwJ', 'name': 'Lighthouse Family', 'type': 'artist', 'uri': 'spotify:artist:6edGSAX5dVpeJVwu1Q0NwJ'}]",243426,False,https://api.spotify.com/v1/tracks/3eXmt3GMlGoYo3tX6ArQZt,3eXmt3GMlGoYo3tX6ArQZt,Run,44,1
5,4.14E-05,0.407,230987,0.848,3IwywNYZ2rTb951s9LO4E6,0.00231,1,0.121,-4.241,1,0.0421,146.332,4,https://api.spotify.com/v1/tracks/3IwywNYZ2rTb951s9LO4E6,spotify:track:3IwywNYZ2rTb951s9LO4E6,0.298,album,6cozmknniOr8cErwZv1puI,Pacifier,2003-10-08,day,18,album,spotify:album:6cozmknniOr8cErwZv1puI,"[{'external_urls': {'spotify': 'https://open.spotify.com/artist/6ARXDcXrqIygiCDmsfrIHf'}, 'href': 'https://api.spotify.com/v1/artists/6ARXDcXrqIygiCDmsfrIHf', 'id': '6ARXDcXrqIygiCDmsfrIHf', 'name': 'Pacifier / Shihad', 'type': 'artist', 'uri': 'spotify:artist:6ARXDcXrqIygiCDmsfrIHf'}]",230986,False,https://api.spotify.com/v1/tracks/3IwywNYZ2rTb951s9LO4E6,3IwywNYZ2rTb951s9LO4E6,Run,26,3
6,0.000431,0.403,354547,0.654,6kesIBNAY17BoAz28pnWMC,4.08E-05,9,0.166,-6.002,0,0.0295,74.617,4,https://api.spotify.com/v1/tracks/6kesIBNAY17BoAz28pnWMC,spotify:track:6kesIBNAY17BoAz28pnWMC,0.197,album,6rnHGj9PUHcEQCp4xdjbeJ,Final Straw,2004-01-01,day,12,album,spotify:album:6rnHGj9PUHcEQCp4xdjbeJ,"[{'external_urls': {'spotify': 'https://open.spotify.com/artist/3rIZMv9rysU7JkLzEaC5Jp'}, 'href': 'https://api.spotify.com/v1/artists/3rIZMv9rysU7JkLzEaC5Jp', 'id': '3rIZMv9rysU7JkLzEaC5Jp', 'name': 'Snow Patrol', 'type': 'artist', 'uri': 'spotify:artist:3rIZMv9rysU7JkLzEaC5Jp'}]",354546,False,https://api.spotify.com/v1/tracks/6kesIBNAY17BoAz28pnWMC,6kesIBNAY17BoAz28pnWMC,Run,66,7
7,0.0752,0.637,272760,0.467,0fFmm8APvONXNp53tiW7Qh,0.00222,7,0.0393,-12.427,1,0.0303,119.288,4,https://api.spotify.com/v1/tracks/0fFmm8APvONXNp53tiW7Qh,spotify:track:0fFmm8APvONXNp53tiW7Qh,0.376,album,6MkAjwpnQFntrWuq93akcq,Magpie,2004-01-01,day,12,album,spotify:album:6MkAjwpnQFntrWuq93akcq,"[{'external_urls': {'spotify': 'https://open.spotify.com/artist/6xdlt4biT0b4DKB3DMAfoj'}, 'href': 'https://api.spotify.com/v1/artists/6xdlt4biT0b4DKB3DMAfoj', 'id': '6xdlt4biT0b4DKB3DMAfoj', 'name': 'Stephen Fretwell', 'type': 'artist', 'uri': 'spotify:artist:6xdlt4biT0b4DKB3DMAfoj'}]",272760,False,https://api.spotify.com/v1/tracks/0fFmm8APvONXNp53tiW7Qh,0fFmm8APvONXNp53tiW7Qh,Run,23,3
8,0.161,0.591,252467,0.562,4fdsFgiSK33prbumkK1jf0,0.779,2,0.111,-10.972,1,0.0291,119.878,4,https://api.spotify.com/v1/tracks/4fdsFgiSK33prbumkK1jf0,spotify:track:4fdsFgiSK33prbumkK1jf0,0.138,album,0hQOqvZv1nQvPiBjzyn363,Talkie Walkie,2004-01-26,day,10,album,spotify:album:0hQOqvZv1nQvPiBjzyn363,"[{'external_urls': {'spotify': 'https://open.spotify.com/artist/1P6U1dCeHxPui5pIrGmndZ'}, 'href': 'https://api.spotify.com/v1/artists/1P6U1dCeHxPui5pIrGmndZ', 'id': '1P6U1dCeHxPui5pIrGmndZ', 'name': 'Air', 'type': 'artist', 'uri': 'spotify:artist:1P6U1dCeHxPui5pIrGmndZ'}]",252466,False,https://api.spotify.com/v1/tracks/4fdsFgiSK33prbumkK1jf0,4fdsFgiSK33prbumkK1jf0,Run,43,3
9,0.00207,0.294,117893,0.963,7AnkUd2gJCismEXe1NPWPA,0.661,2,0.0521,-3.855,0,0.14,151.543,4,https://api.spotify.com/v1/tracks/7AnkUd2gJCismEXe1NPWPA,spotify:track:7AnkUd2gJCismEXe1NPWPA,0.732,compilation,6MCoIIxLj5VyrmBhyZvWnh,Greatest Hits,2005-01-01,day,23,album,spotify:album:6MCoIIxLj5VyrmBhyZvWnh,"[{'external_urls': {'spotify': 'https://open.spotify.com/artist/6P7kkhED6EPrfoZuxz20Fo'}, 'href': 'https://api.spotify.com/v1/artists/6P7kkhED6EPrfoZuxz20Fo', 'id': '6P7kkhED6EPrfoZuxz20Fo', 'name': 'Spiderbait', 'type': 'artist', 'uri': 'spotify:artist:6P7kkhED6EPrfoZuxz20Fo'}]",117893,False,https://api.spotify.com/v1/tracks/7AnkUd2gJCismEXe1NPWPA,7AnkUd2gJCismEXe1NPWPA,Run,20,18
10,0.0469,0.424,308400,0.86,3zuD1hYojQeN3hOD0e1vD4,0.164,10,0.506,-6.546,0,0.0683,148.35,4,https://api.spotify.com/v1/tracks/3zuD1hYojQeN3hOD0e1vD4,spotify:track:3zuD1hYojQeN3hOD0e1vD4,0.325,album,5Ofn4bXOFPjuTNZENS0A8N,The New Normal,2005-02-08,day,11,album,spotify:album:5Ofn4bXOFPjuTNZENS0A8N,"[{'external_urls': {'spotify': 'https://open.spotify.com/artist/6gD6Pm7jo3mmKgDtyMruA6'}, 'href': 'https://api.spotify.com/v1/artists/6gD6Pm7jo3mmKgDtyMruA6', 'id': '6gD6Pm7jo3mmKgDtyMruA6', 'name': 'Cog', 'type': 'artist', 'uri': 'spotify:artist:6gD6Pm7jo3mmKgDtyMruA6'}]",308400,False,https://api.spotify.com/v1/tracks/3zuD1hYojQeN3hOD0e1vD4,3zuD1hYojQeN3hOD0e1vD4,Run,34,7
11,0.43,0.302,314720,0.461,4hrAKlxfblnG7llBEEX7TR,5.61E-06,5,0.122,-6.166,0,0.0292,142.434,4,https://api.spotify.com/v1/tracks/4hrAKlxfblnG7llBEEX7TR,spotify:track:4hrAKlxfblnG7llBEEX7TR,0.0932,album,7t1veDv7FWHYXskQEoU7dq,Spirit,2007,year,17,album,spotify:album:7t1veDv7FWHYXskQEoU7dq,"[{'external_urls': {'spotify': 'https://open.spotify.com/artist/5lKZWd6HiSCLfnDGrq9RAm'}, 'href': 'https://api.spotify.com/v1/artists/5lKZWd6HiSCLfnDGrq9RAm', 'id': '5lKZWd6HiSCLfnDGrq9RAm', 'name': 'Leona Lewis', 'type': 'artist', 'uri': 'spotify:artist:5lKZWd6HiSCLfnDGrq9RAm'}]",314537,False,https://api.spotify.com/v1/tracks/4hrAKlxfblnG7llBEEX7TR,4hrAKlxfblnG7llBEEX7TR,Run,64,17
12,5.22E-05,0.349,187160,0.871,722ukitnIS4Xuo5Xz0qVyz,0,8,0.271,-4.11,1,0.0539,159.839,4,https://api.spotify.com/v1/tracks/722ukitnIS4Xuo5Xz0qVyz,spotify:track:722ukitnIS4Xuo5Xz0qVyz,0.414,album,5aMNLhPwUGBlVUS1gU9yAm,Six to Midnight,2009-01-01,day,13,album,spotify:album:5aMNLhPwUGBlVUS1gU9yAm,"[{'external_urls': {'spotify': 'https://open.spotify.com/artist/04qi4CymYf3E50Mt2na4QS'}, 'href': 'https://api.spotify.com/v1/artists/04qi4CymYf3E50Mt2na4QS', 'id': '04qi4CymYf3E50Mt2na4QS', 'name': 'Grinspoon', 'type': 'artist', 'uri': 'spotify:artist:04qi4CymYf3E50Mt2na4QS'}]",187160,False,https://api.spotify.com/v1/tracks/722ukitnIS4Xuo5Xz0qVyz,722ukitnIS4Xuo5Xz0qVyz,Run,23,2
13,0.00605,0.306,255653,0.969,1GZsl1d1Xnhlmobeg63nzZ,2.3E-06,1,0.0884,-4.927,0,0.437,179.88,4,https://api.spotify.com/v1/tracks/1GZsl1d1Xnhlmobeg63nzZ,spotify:track:1GZsl1d1Xnhlmobeg63nzZ,0.055,album,7E2L6CvPYjSS0r6Obl9qfO,Cohesion,2010-01-01,day,12,album,spotify:album:7E2L6CvPYjSS0r6Obl9qfO,"[{'external_urls': {'spotify': 'https://open.spotify.com/artist/384DhgGNBZ91pyVJF61u18'}, 'href': 'https://api.spotify.com/v1/artists/384DhgGNBZ91pyVJF61u18', 'id': '384DhgGNBZ91pyVJF61u18', 'name': 'Gyroscope', 'type': 'artist', 'uri': 'spotify:artist:384DhgGNBZ91pyVJF61u18'}]",255653,False,https://api.spotify.com/v1/tracks/1GZsl1d1Xnhlmobeg63nzZ,1GZsl1d1Xnhlmobeg63nzZ,Run,15,10
14,0.0122,0.636,232600,0.744,0LkcxvrnqrgwnNo9zczBBB,0.0459,2,0.0643,-6.504,1,0.0597,113.545,4,https://api.spotify.com/v1/tracks/0LkcxvrnqrgwnNo9zczBBB,spotify:track:0LkcxvrnqrgwnNo9zczBBB,0.804,album,0zeAijecFGZOS4OaRdPVz5,Contra,2010-01-11,day,10,album,spotify:album:0zeAijecFGZOS4OaRdPVz5,"[{'external_urls': {'spotify': 'https://open.spotify.com/artist/5BvJzeQpmsdsFp4HGUYUEx'}, 'href': 'https://api.spotify.com/v1/artists/5BvJzeQpmsdsFp4HGUYUEx', 'id': '5BvJzeQpmsdsFp4HGUYUEx', 'name': 'Vampire Weekend', 'type': 'artist', 'uri': 'spotify:artist:5BvJzeQpmsdsFp4HGUYUEx'}]",232600,False,https://api.spotify.com/v1/tracks/0LkcxvrnqrgwnNo9zczBBB,0LkcxvrnqrgwnNo9zczBBB,Run,48,6
15,0.0699,0.605,210387,0.928,3kUJ9u148oaHwdKFT45qb3,2.23E-06,9,0.103,-5.056,1,0.0717,79.983,4,https://api.spotify.com/v1/tracks/3kUJ9u148oaHwdKFT45qb3,spotify:track:3kUJ9u148oaHwdKFT45qb3,0.563,album,52O1oc2EC6kwNo8iwBs919,Epilogue,2010-03-09,day,10,album,spotify:album:52O1oc2EC6kwNo8iwBs919,"[{'external_urls': {'spotify': 'https://open.spotify.com/artist/5snNHNlYT2UrtZo5HCJkiw'}, 'href': 'https://api.spotify.com/v1/artists/5snNHNlYT2UrtZo5HCJkiw', 'id': '5snNHNlYT2UrtZo5HCJkiw', 'name': 'Epik High', 'type': 'artist', 'uri': 'spotify:artist:5snNHNlYT2UrtZo5HCJkiw'}]",210386,False,https://api.spotify.com/v1/tracks/3kUJ9u148oaHwdKFT45qb3,3kUJ9u148oaHwdKFT45qb3,Run,40,2
16,0.00404,0.468,232751,0.901,5XOLVAMCqXx0WzBZhfOxsw,0,5,0.33,-5.476,0,0.328,170.043,4,https://api.spotify.com/v1/tracks/5XOLVAMCqXx0WzBZhfOxsw,spotify:track:5XOLVAMCqXx0WzBZhfOxsw,0.48,single,1hY6VsOkVehn6y70swNG9x,Run (feat. Wretch 32),2010-08-02,day,2,album,spotify:album:1hY6VsOkVehn6y70swNG9x,"[{'external_urls': {'spotify': 'https://open.spotify.com/artist/1zG1DuedWyFm98fa1iSoJX'}, 'href': 'https://api.spotify.com/v1/artists/1zG1DuedWyFm98fa1iSoJX', 'id': '1zG1DuedWyFm98fa1iSoJX', 'name': 'Baby Blue', 'type': 'artist', 'uri': 'spotify:artist:1zG1DuedWyFm98fa1iSoJX'}, {'external_urls': {'spotify': 'https://open.spotify.com/artist/0T2sGLJKge2eaFmZJxX7sq'}, 'href': 'https://api.spotify.com/v1/artists/0T2sGLJKge2eaFmZJxX7sq', 'id': '0T2sGLJKge2eaFmZJxX7sq', 'name': 'Wretch 32', 'type': 'artist', 'uri': 'spotify:artist:0T2sGLJKge2eaFmZJxX7sq'}]",232751,False,https://api.spotify.com/v1/tracks/5XOLVAMCqXx0WzBZhfOxsw,5XOLVAMCqXx0WzBZhfOxsw,Run - TDH Remix,42,2
17,5.09E-05,0.412,193320,0.996,38RoyAckTIe44BjYmsMbsa,0.417,2,0.165,-4.028,1,0.0737,171.987,4,https://api.spotify.com/v1/tracks/38RoyAckTIe44BjYmsMbsa,spotify:track:38RoyAckTIe44BjYmsMbsa,0.74,album,0BBC9CJOAvXVmUs7txm8cY,The Lost Children,2011,year,16,album,spotify:album:0BBC9CJOAvXVmUs7txm8cY,"[{'external_urls': {'spotify': 'https://open.spotify.com/artist/3TOqt5oJwL9BE2NG9MEwDa'}, 'href': 'https://api.spotify.com/v1/artists/3TOqt5oJwL9BE2NG9MEwDa', 'id': '3TOqt5oJwL9BE2NG9MEwDa', 'name': 'Disturbed', 'type': 'artist', 'uri': 'spotify:artist:3TOqt5oJwL9BE2NG9MEwDa'}]",193320,True,https://api.spotify.com/v1/tracks/38RoyAckTIe44BjYmsMbsa,38RoyAckTIe44BjYmsMbsa,Run,50,6
18,0.015,0.619,249147,0.652,7BNxbhK3BwhHRoF2EvYNss,5.77E-06,11,0.0835,-5.701,1,0.0312,109.99,4,https://api.spotify.com/v1/tracks/7BNxbhK3BwhHRoF2EvYNss,spotify:track:7BNxbhK3BwhHRoF2EvYNss,0.204,album,11cSEILu0r5DCRfjRxShKi,Modern Love,2011-01-01,day,11,album,spotify:album:11cSEILu0r5DCRfjRxShKi,"[{'external_urls': {'spotify': 'https://open.spotify.com/artist/4NGiEU3Pkd8ASRyQR30jcA'}, 'href': 'https://api.spotify.com/v1/artists/4NGiEU3Pkd8ASRyQR30jcA', 'id': '4NGiEU3Pkd8ASRyQR30jcA', 'name': 'Matt Nathanson', 'type': 'artist', 'uri': 'spotify:artist:4NGiEU3Pkd8ASRyQR30jcA'}, {'external_urls': {'spotify': 'https://open.spotify.com/artist/0hYxQe3AK5jBPCr5MumLHD'}, 'href': 'https://api.spotify.com/v1/artists/0hYxQe3AK5jBPCr5MumLHD', 'id': '0hYxQe3AK5jBPCr5MumLHD', 'name': 'Sugarland', 'type': 'artist', 'uri': 'spotify:artist:0hYxQe3AK5jBPCr5MumLHD'}]",249146,False,https://api.spotify.com/v1/tracks/7BNxbhK3BwhHRoF2EvYNss,7BNxbhK3BwhHRoF2EvYNss,Run,47,8
19,0.322,0.671,205640,0.871,4egHO3NsbuZ79Lfd2j8i8t,0.000211,0,0.11,-3.723,1,0.104,119.947,4,https://api.spotify.com/v1/tracks/4egHO3NsbuZ79Lfd2j8i8t,spotify:track:4egHO3NsbuZ79Lfd2j8i8t,0.569,album,7t6s6NWaLUEkRQEDqp8yNN,Get 'Em Girls,2011-08-12,day,25,album,spotify:album:7t6s6NWaLUEkRQEDqp8yNN,"[{'external_urls': {'spotify': 'https://open.spotify.com/artist/6rHWAH6F4mr2AViSxMV673'}, 'href': 'https://api.spotify.com/v1/artists/6rHWAH6F4mr2AViSxMV673', 'id': '6rHWAH6F4mr2AViSxMV673', 'name': 'Jessica Mauboy', 'type': 'artist', 'uri': 'spotify:artist:6rHWAH6F4mr2AViSxMV673'}]",205640,False,https://api.spotify.com/v1/tracks/4egHO3NsbuZ79Lfd2j8i8t,4egHO3NsbuZ79Lfd2j8i8t,Run,17,1
20,0.00102,0.78,232093,0.693,5LqHJL3NDuGzyq6mMYD4Eq,0,7,0.111,-4.453,1,0.225,129.951,4,https://api.spotify.com/v1/tracks/5LqHJL3NDuGzyq6mMYD4Eq,spotify:track:5LqHJL3NDuGzyq6mMYD4Eq,0.629,album,7eLwoxxWs6lfkVYJGkGNbk,Wild Ones,2012-06-22,day,10,album,spotify:album:7eLwoxxWs6lfkVYJGkGNbk,"[{'external_urls': {'spotify': 'https://open.spotify.com/artist/0jnsk9HBra6NMjO2oANoPY'}, 'href': 'https://api.spotify.com/v1/artists/0jnsk9HBra6NMjO2oANoPY', 'id': '0jnsk9HBra6NMjO2oANoPY', 'name': 'Flo Rida', 'type': 'artist', 'uri': 'spotify:artist:0jnsk9HBra6NMjO2oANoPY'}, {'external_urls': {'spotify': 'https://open.spotify.com/artist/3mH3OBKopDDVgnJcT5PrPk'}, 'href': 'https://api.spotify.com/v1/artists/3mH3OBKopDDVgnJcT5PrPk', 'id': '3mH3OBKopDDVgnJcT5PrPk', 'name': 'Redfoo', 'type': 'artist', 'uri': 'spotify:artist:3mH3OBKopDDVgnJcT5PrPk'}]",232093,False,https://api.spotify.com/v1/tracks/5LqHJL3NDuGzyq6mMYD4Eq,5LqHJL3NDuGzyq6mMYD4Eq,Run - feat. RedFoo of LMFAO [Bonus Track],50,9
21,0.673,0.523,245529,0.373,6LWdeLAetZZZFgc6W8GlFn,0.0719,7,0.0819,-13.318,0,0.0305,92.371,4,https://api.spotify.com/v1/tracks/6LWdeLAetZZZFgc6W8GlFn,spotify:track:6LWdeLAetZZZFgc6W8GlFn,0.265,single,4HquK2m4oAOdRt9m1XBwmU,Smother,2012-09-03,day,2,album,spotify:album:4HquK2m4oAOdRt9m1XBwmU,"[{'external_urls': {'spotify': 'https://open.spotify.com/artist/46CitWgnWrvF9t70C2p1Me'}, 'href': 'https://api.spotify.com/v1/artists/46CitWgnWrvF9t70C2p1Me', 'id': '46CitWgnWrvF9t70C2p1Me', 'name': 'Daughter', 'type': 'artist', 'uri': 'spotify:artist:46CitWgnWrvF9t70C2p1Me'}]",245529,False,https://api.spotify.com/v1/tracks/6LWdeLAetZZZFgc6W8GlFn,6LWdeLAetZZZFgc6W8GlFn,Run,48,2
22,0.0332,0.477,251613,0.677,4MXX6eANzr0VvZBmgO8OrI,0,2,0.346,-6.439,1,0.0383,157.95,4,https://api.spotify.com/v1/tracks/4MXX6eANzr0VvZBmgO8OrI,spotify:track:4MXX6eANzr0VvZBmgO8OrI,0.364,album,2Q9oTK48eb85waX1fFJsvj,The Truth About Love,2012-09-18,day,17,album,spotify:album:2Q9oTK48eb85waX1fFJsvj,"[{'external_urls': {'spotify': 'https://open.spotify.com/artist/1KCSPY1glIKqW2TotWuXOR'}, 'href': 'https://api.spotify.com/v1/artists/1KCSPY1glIKqW2TotWuXOR', 'id': '1KCSPY1glIKqW2TotWuXOR', 'name': 'P!nk', 'type': 'artist', 'uri': 'spotify:artist:1KCSPY1glIKqW2TotWuXOR'}]",251613,False,https://api.spotify.com/v1/tracks/4MXX6eANzr0VvZBmgO8OrI,4MXX6eANzr0VvZBmgO8OrI,Run,47,16
23,0.509,0.373,254773,0.393,6mw22l4KxXUvP80XyxhnU5,0.0623,10,0.105,-8.462,0,0.0319,71.749,4,https://api.spotify.com/v1/tracks/6mw22l4KxXUvP80XyxhnU5,spotify:track:6mw22l4KxXUvP80XyxhnU5,0.272,album,5PaHwpTefKhQa6Yqsj9WRH,Hozier: Deluxe Edition,2013,year,26,album,spotify:album:5PaHwpTefKhQa6Yqsj9WRH,"[{'external_urls': {'spotify': 'https://open.spotify.com/artist/2FXC3k01G6Gw61bmprjgqS'}, 'href': 'https://api.spotify.com/v1/artists/2FXC3k01G6Gw61bmprjgqS', 'id': '2FXC3k01G6Gw61bmprjgqS', 'name': 'Hozier', 'type': 'artist', 'uri': 'spotify:artist:2FXC3k01G6Gw61bmprjgqS'}]",254773,False,https://api.spotify.com/v1/tracks/6mw22l4KxXUvP80XyxhnU5,6mw22l4KxXUvP80XyxhnU5,Run,6,2
24,0.99,0.336,332360,0.173,7yUukIX492jvLR85xYQkvc,0.927,11,0.076,-14.492,0,0.0477,118.564,3,https://api.spotify.com/v1/tracks/7yUukIX492jvLR85xYQkvc,spotify:track:7yUukIX492jvLR85xYQkvc,0.0374,album,3uJ6D2WOPdjwJ0SrsH9EiG,In A Time Lapse,2013-01-01,day,14,album,spotify:album:3uJ6D2WOPdjwJ0SrsH9EiG,"[{'external_urls': {'spotify': 'https://open.spotify.com/artist/2uFUBdaVGtyMqckSeCl0Qj'}, 'href': 'https://api.spotify.com/v1/artists/2uFUBdaVGtyMqckSeCl0Qj', 'id': '2uFUBdaVGtyMqckSeCl0Qj', 'name': 'Ludovico Einaudi', 'type': 'artist', 'uri': 'spotify:artist:2uFUBdaVGtyMqckSeCl0Qj'}, {'external_urls': {'spotify': 'https://open.spotify.com/artist/1k1AM2ESRQseVAj6rvBdtx'}, 'href': 'https://api.spotify.com/v1/artists/1k1AM2ESRQseVAj6rvBdtx', 'id': '1k1AM2ESRQseVAj6rvBdtx', 'name': 'I Virtuosi Italiani', 'type': 'artist', 'uri': 'spotify:artist:1k1AM2ESRQseVAj6rvBdtx'}]",332360,False,https://api.spotify.com/v1/tracks/7yUukIX492jvLR85xYQkvc,7yUukIX492jvLR85xYQkvc,Run,50,6
25,0.666,0.615,317000,0.887,3XbduUuLRalSplFM1ziuFw,0.886,3,0.176,-4.299,1,0.0289,140.019,4,https://api.spotify.com/v1/tracks/3XbduUuLRalSplFM1ziuFw,spotify:track:3XbduUuLRalSplFM1ziuFw,0.703,album,0u3ylJsRELvpZtXzpLaWZ0,Thirteen013 SummerDreams,2013-10-02,day,10,album,spotify:album:0u3ylJsRELvpZtXzpLaWZ0,"[{'external_urls': {'spotify': 'https://open.spotify.com/artist/4sY5gneuOslVK0EtWab49w'}, 'href': 'https://api.spotify.com/v1/artists/4sY5gneuOslVK0EtWab49w', 'id': '4sY5gneuOslVK0EtWab49w', 'name': 'Jeff Cormack', 'type': 'artist', 'uri': 'spotify:artist:4sY5gneuOslVK0EtWab49w'}]",317000,False,https://api.spotify.com/v1/tracks/3XbduUuLRalSplFM1ziuFw,3XbduUuLRalSplFM1ziuFw,Run,40,1
26,0.4,0.357,258693,0.568,2aTjkCc1QaSFJXUkIuCqI6,2.58E-06,7,0.11,-6.685,1,0.0354,139.967,4,https://api.spotify.com/v1/tracks/2aTjkCc1QaSFJXUkIuCqI6,spotify:track:2aTjkCc1QaSFJXUkIuCqI6,0.228,album,5JBSxkc72B8RhwhUvffc65,head or heart,2014-03-28,day,13,album,spotify:album:5JBSxkc72B8RhwhUvffc65,"[{'external_urls': {'spotify': 'https://open.spotify.com/artist/7H55rcKCfwqkyDFH9wpKM6'}, 'href': 'https://api.spotify.com/v1/artists/7H55rcKCfwqkyDFH9wpKM6', 'id': '7H55rcKCfwqkyDFH9wpKM6', 'name': 'Christina Perri', 'type': 'artist', 'uri': 'spotify:artist:7H55rcKCfwqkyDFH9wpKM6'}]",258693,False,https://api.spotify.com/v1/tracks/2aTjkCc1QaSFJXUkIuCqI6,2aTjkCc1QaSFJXUkIuCqI6,run,32,10
27,0.00371,0.387,217385,0.759,3x0goYIujQRUAkgHy9el1h,1.53E-06,2,0.395,-5.174,1,0.0748,150.114,4,https://api.spotify.com/v1/tracks/3x0goYIujQRUAkgHy9el1h,spotify:track:3x0goYIujQRUAkgHy9el1h,0.388,single,6PDZaGG50KrmFiYlpx9Dua,The Other Side,2014-03-28,day,4,album,spotify:album:6PDZaGG50KrmFiYlpx9Dua,"[{'external_urls': {'spotify': 'https://open.spotify.com/artist/6A7pzeOZUxq2EqjEoT29dn'}, 'href': 'https://api.spotify.com/v1/artists/6A7pzeOZUxq2EqjEoT29dn', 'id': '6A7pzeOZUxq2EqjEoT29dn', 'name': 'Street Pieces', 'type': 'artist', 'uri': 'spotify:artist:6A7pzeOZUxq2EqjEoT29dn'}]",217385,False,https://api.spotify.com/v1/tracks/3x0goYIujQRUAkgHy9el1h,3x0goYIujQRUAkgHy9el1h,Run,1,1
28,0.785,0.608,252831,0.513,66E0VuUqQ3bfSwyPHghoNM,0.00345,9,0.117,-8.835,0,0.0437,121.733,4,https://api.spotify.com/v1/tracks/66E0VuUqQ3bfSwyPHghoNM,spotify:track:66E0VuUqQ3bfSwyPHghoNM,0.222,album,2dc35rthqirFjscH2i3Ohx,Labour Of Love,2014-05-16,day,7,album,spotify:album:2dc35rthqirFjscH2i3Ohx,"[{'external_urls': {'spotify': 'https://open.spotify.com/artist/1slZr3FGlh153jH8xW6SNa'}, 'href': 'https://api.spotify.com/v1/artists/1slZr3FGlh153jH8xW6SNa', 'id': '1slZr3FGlh153jH8xW6SNa', 'name': 'Woodlock', 'type': 'artist', 'uri': 'spotify:artist:1slZr3FGlh153jH8xW6SNa'}]",252830,False,https://api.spotify.com/v1/tracks/66E0VuUqQ3bfSwyPHghoNM,66E0VuUqQ3bfSwyPHghoNM,Run,22,3
29,0.215,0.693,216197,0.97,3abcr9RBiQk9bv8Z6ekm0J,0,8,0.311,-3.421,1,0.0617,130.004,4,https://api.spotify.com/v1/tracks/3abcr9RBiQk9bv8Z6ekm0J,spotify:track:3abcr9RBiQk9bv8Z6ekm0J,0.378,single,3Nyhs0ZYxVmXDVfv4PLsqv,The 2nd Mini Album '중독 Overdose',2014-08-06,day,5,album,spotify:album:3Nyhs0ZYxVmXDVfv4PLsqv,"[{'external_urls': {'spotify': 'https://open.spotify.com/artist/6wPBIyIIMxoqgux29bGF8I'}, 'href': 'https://api.spotify.com/v1/artists/6wPBIyIIMxoqgux29bGF8I', 'id': '6wPBIyIIMxoqgux29bGF8I', 'name': 'EXO-K', 'type': 'artist', 'uri': 'spotify:artist:6wPBIyIIMxoqgux29bGF8I'}]",216197,False,https://api.spotify.com/v1/tracks/3abcr9RBiQk9bv8Z6ekm0J,3abcr9RBiQk9bv8Z6ekm0J,Run,41,4
30,0.346,0.465,221920,0.511,3BKPKBFDrEXHdHDuIQQeTK,0.0187,7,0.138,-7.305,0,0.0296,141.98,4,https://api.spotify.com/v1/tracks/3BKPKBFDrEXHdHDuIQQeTK,spotify:track:3BKPKBFDrEXHdHDuIQQeTK,0.117,album,30HOZQRL3xPbE5oZ7a1hb4,Endless Optimism,2014-09-03,day,8,album,spotify:album:30HOZQRL3xPbE5oZ7a1hb4,"[{'external_urls': {'spotify': 'https://open.spotify.com/artist/4HDNQLqhooVfWXtIRMyqMY'}, 'href': 'https://api.spotify.com/v1/artists/4HDNQLqhooVfWXtIRMyqMY', 'id': '4HDNQLqhooVfWXtIRMyqMY', 'name': 'Elsa & Emilie', 'type': 'artist', 'uri': 'spotify:artist:4HDNQLqhooVfWXtIRMyqMY'}]",221920,False,https://api.spotify.com/v1/tracks/3BKPKBFDrEXHdHDuIQQeTK,3BKPKBFDrEXHdHDuIQQeTK,Run,47,2
31,0.00983,0.592,332453,0.552,5tDdD8U8a3I10rdApU5x3z,0.00111,0,0.0861,-12.851,1,0.0406,74.996,4,https://api.spotify.com/v1/tracks/5tDdD8U8a3I10rdApU5x3z,spotify:track:5tDdD8U8a3I10rdApU5x3z,0.363,album,0RbI1WZO9SnVQZTEyzRl3x,Back in the Day,2014-09-15,day,10,album,spotify:album:0RbI1WZO9SnVQZTEyzRl3x,"[{'external_urls': {'spotify': 'https://open.spotify.com/artist/3Efqt7rP43WnFwSAaLKNG6'}, 'href': 'https://api.spotify.com/v1/artists/3Efqt7rP43WnFwSAaLKNG6', 'id': '3Efqt7rP43WnFwSAaLKNG6', 'name': 'ManaLion', 'type': 'artist', 'uri': 'spotify:artist:3Efqt7rP43WnFwSAaLKNG6'}]",332453,False,https://api.spotify.com/v1/tracks/5tDdD8U8a3I10rdApU5x3z,5tDdD8U8a3I10rdApU5x3z,Run,28,3
32,0.87,0.47,210600,0.279,5zADFMwzqhUjWNKSHWO8gD,0,7,0.153,-8.499,1,0.0392,66.044,4,https://api.spotify.com/v1/tracks/5zADFMwzqhUjWNKSHWO8gD,spotify:track:5zADFMwzqhUjWNKSHWO8gD,0.144,single,1Ss1FkS0IiOOvkbE1YMC2J,Run,2014-09-30,day,1,album,spotify:album:1Ss1FkS0IiOOvkbE1YMC2J,"[{'external_urls': {'spotify': 'https://open.spotify.com/artist/40xbWSB4JPdOkRyuTDy1oP'}, 'href': 'https://api.spotify.com/v1/artists/40xbWSB4JPdOkRyuTDy1oP', 'id': '40xbWSB4JPdOkRyuTDy1oP', 'name': 'Nicole Scherzinger', 'type': 'artist', 'uri': 'spotify:artist:40xbWSB4JPdOkRyuTDy1oP'}]",210600,False,https://api.spotify.com/v1/tracks/5zADFMwzqhUjWNKSHWO8gD,5zADFMwzqhUjWNKSHWO8gD,Run,39,1
33,0.834,0.461,232634,0.325,5Y8zflTpuHnPWrOeYBlWF6,2.28E-05,2,0.169,-12.802,1,0.0306,84.022,4,https://api.spotify.com/v1/tracks/5Y8zflTpuHnPWrOeYBlWF6,spotify:track:5Y8zflTpuHnPWrOeYBlWF6,0.358,single,1dw5SLWtxAmqc497xpazLM,For You,2015-01-23,day,4,album,spotify:album:1dw5SLWtxAmqc497xpazLM,"[{'external_urls': {'spotify': 'https://open.spotify.com/artist/4ugFr36dry8wGrxxBQrz0A'}, 'href': 'https://api.spotify.com/v1/artists/4ugFr36dry8wGrxxBQrz0A', 'id': '4ugFr36dry8wGrxxBQrz0A', 'name': 'Grace Pitts', 'type': 'artist', 'uri': 'spotify:artist:4ugFr36dry8wGrxxBQrz0A'}]",232633,False,https://api.spotify.com/v1/tracks/5Y8zflTpuHnPWrOeYBlWF6,5Y8zflTpuHnPWrOeYBlWF6,Run,26,1
34,0.0622,0.627,207668,0.834,2ImfiS8qdWSfx8Ec6iMYHY,0,6,0.326,-6.048,1,0.0511,123.909,4,https://api.spotify.com/v1/tracks/2ImfiS8qdWSfx8Ec6iMYHY,spotify:track:2ImfiS8qdWSfx8Ec6iMYHY,0.342,album,4GLDRHD1QWArvXJum0sOw5,Nowhere Near Old Enough,2015-01-26,day,12,album,spotify:album:4GLDRHD1QWArvXJum0sOw5,"[{'external_urls': {'spotify': 'https://open.spotify.com/artist/5M6D2PqxdnZMVMCb1jNOTp'}, 'href': 'https://api.spotify.com/v1/artists/5M6D2PqxdnZMVMCb1jNOTp', 'id': '5M6D2PqxdnZMVMCb1jNOTp', 'name': 'Chasing Grace', 'type': 'artist', 'uri': 'spotify:artist:5M6D2PqxdnZMVMCb1jNOTp'}]",207667,True,https://api.spotify.com/v1/tracks/2ImfiS8qdWSfx8Ec6iMYHY,2ImfiS8qdWSfx8Ec6iMYHY,Run,34,7
35,0.178,0.492,178160,0.872,5xyRzgC5q0iWcDnak1CNoP,0.00264,2,0.0743,-5.994,1,0.0557,160.315,3,https://api.spotify.com/v1/tracks/5xyRzgC5q0iWcDnak1CNoP,spotify:track:5xyRzgC5q0iWcDnak1CNoP,0.491,single,3SldntbJHFD0Xysdg41lqt,Run,2015-02-17,day,1,album,spotify:album:3SldntbJHFD0Xysdg41lqt,"[{'external_urls': {'spotify': 'https://open.spotify.com/artist/0iidQFemlPhkoHqFroz2my'}, 'href': 'https://api.spotify.com/v1/artists/0iidQFemlPhkoHqFroz2my', 'id': '0iidQFemlPhkoHqFroz2my', 'name': 'Delta Rae', 'type': 'artist', 'uri': 'spotify:artist:0iidQFemlPhkoHqFroz2my'}]",178160,False,https://api.spotify.com/v1/tracks/5xyRzgC5q0iWcDnak1CNoP,5xyRzgC5q0iWcDnak1CNoP,Run,45,1
36,0.0357,0.711,194549,0.811,0NEgLKReA7npnfiJeUHP8q,0.00868,11,0.246,-4.72,1,0.0377,140.01,4,https://api.spotify.com/v1/tracks/0NEgLKReA7npnfiJeUHP8q,spotify:track:0NEgLKReA7npnfiJeUHP8q,0.961,album,1rpLjvQfzQAeZuRVpyMkh4,Gracetown,2015-03-06,day,12,album,spotify:album:1rpLjvQfzQAeZuRVpyMkh4,"[{'external_urls': {'spotify': 'https://open.spotify.com/artist/0Ou0138wEd8XWebhc4j7O0'}, 'href': 'https://api.spotify.com/v1/artists/0Ou0138wEd8XWebhc4j7O0', 'id': '0Ou0138wEd8XWebhc4j7O0', 'name': 'San Cisco', 'type': 'artist', 'uri': 'spotify:artist:0Ou0138wEd8XWebhc4j7O0'}]",194549,False,https://api.spotify.com/v1/tracks/0NEgLKReA7npnfiJeUHP8q,0NEgLKReA7npnfiJeUHP8q,RUN,47,1
37,0.756,0.683,241653,0.659,0MPQ03m2QLoB02I4UXQR9c,0.636,8,0.28,-10.065,1,0.0506,138.002,4,https://api.spotify.com/v1/tracks/0MPQ03m2QLoB02I4UXQR9c,spotify:track:0MPQ03m2QLoB02I4UXQR9c,0.65,album,7BSmYQDkYNTkzltG1OmKP3,Run,2015-03-17,day,14,album,spotify:album:7BSmYQDkYNTkzltG1OmKP3,"[{'external_urls': {'spotify': 'https://open.spotify.com/artist/4njdEjTnLfcGImKZu1iSrz'}, 'href': 'https://api.spotify.com/v1/artists/4njdEjTnLfcGImKZu1iSrz', 'id': '4njdEjTnLfcGImKZu1iSrz', 'name': 'AWOLNATION', 'type': 'artist', 'uri': 'spotify:artist:4njdEjTnLfcGImKZu1iSrz'}]",241653,False,https://api.spotify.com/v1/tracks/0MPQ03m2QLoB02I4UXQR9c,0MPQ03m2QLoB02I4UXQR9c,Run,40,1
38,0.00389,0.508,218783,0.779,5uDZdW4e9QwMSIWbzY7oD2,0.02,0,0.398,-5.763,1,0.0333,145.02,4,https://api.spotify.com/v1/tracks/5uDZdW4e9QwMSIWbzY7oD2,spotify:track:5uDZdW4e9QwMSIWbzY7oD2,0.109,album,4YEuQkWaBp1L4LQ5qrI2ys,Run,2015-03-20,day,12,album,spotify:album:4YEuQkWaBp1L4LQ5qrI2ys,"[{'external_urls': {'spotify': 'https://open.spotify.com/artist/11gWrKZMBsGQWmobv3oNfW'}, 'href': 'https://api.spotify.com/v1/artists/11gWrKZMBsGQWmobv3oNfW', 'id': '11gWrKZMBsGQWmobv3oNfW', 'name': 'Alison Wonderland', 'type': 'artist', 'uri': 'spotify:artist:11gWrKZMBsGQWmobv3oNfW'}]",218783,False,https://api.spotify.com/v1/tracks/5uDZdW4e9QwMSIWbzY7oD2,5uDZdW4e9QwMSIWbzY7oD2,Run,53,1
39,0.00178,0.41,69077,0.909,586xfl7VsCFPD9z5iJoKEp,0,11,0.794,-5.234,0,0.171,145.973,4,https://api.spotify.com/v1/tracks/586xfl7VsCFPD9z5iJoKEp,spotify:track:586xfl7VsCFPD9z5iJoKEp,0.469,album,621OhgnZJ7Pz8iUazct1In,Cherry Bomb,2015-04-13,day,13,album,spotify:album:621OhgnZJ7Pz8iUazct1In,"[{'external_urls': {'spotify': 'https://open.spotify.com/artist/4V8LLVI7PbaPR0K2TGSxFF'}, 'href': 'https://api.spotify.com/v1/artists/4V8LLVI7PbaPR0K2TGSxFF', 'id': '4V8LLVI7PbaPR0K2TGSxFF', 'name': 'Tyler, The Creator', 'type': 'artist', 'uri': 'spotify:artist:4V8LLVI7PbaPR0K2TGSxFF'}, {'external_urls': {'spotify': 'https://open.spotify.com/artist/57ZTzIn5GLxNLzWgnTTcHj'}, 'href': 'https://api.spotify.com/v1/artists/57ZTzIn5GLxNLzWgnTTcHj', 'id': '57ZTzIn5GLxNLzWgnTTcHj', 'name': 'Chaz Bundick', 'type': 'artist', 'uri': 'spotify:artist:57ZTzIn5GLxNLzWgnTTcHj'}, {'external_urls': {'spotify': 'https://open.spotify.com/artist/5IcR3N7QB1j6KBL8eImZ8m'}, 'href': 'https://api.spotify.com/v1/artists/5IcR3N7QB1j6KBL8eImZ8m', 'id': '5IcR3N7QB1j6KBL8eImZ8m', 'name': 'ScHoolboy Q', 'type': 'artist', 'uri': 'spotify:artist:5IcR3N7QB1j6KBL8eImZ8m'}]",69076,True,https://api.spotify.com/v1/tracks/586xfl7VsCFPD9z5iJoKEp,586xfl7VsCFPD9z5iJoKEp,RUN (feat. Chaz Bundick & ScHoolboy Q),45,4
40,0.00384,0.544,210080,0.625,4Fc62OkXYtEOjMmaSyJoQY,0.00657,10,0.0889,-6.797,0,0.0342,75.243,4,https://api.spotify.com/v1/tracks/4Fc62OkXYtEOjMmaSyJoQY,spotify:track:4Fc62OkXYtEOjMmaSyJoQY,0.43,album,2aaWMtuGxw17AZpKhZGdXQ,RKS,2015-04-25,day,11,album,spotify:album:2aaWMtuGxw17AZpKhZGdXQ,"[{'external_urls': {'spotify': 'https://open.spotify.com/artist/4hz8tIajF2INpgM0qzPJz2'}, 'href': 'https://api.spotify.com/v1/artists/4hz8tIajF2INpgM0qzPJz2', 'id': '4hz8tIajF2INpgM0qzPJz2', 'name': 'Rainbow Kitten Surprise', 'type': 'artist', 'uri': 'spotify:artist:4hz8tIajF2INpgM0qzPJz2'}]",210080,False,https://api.spotify.com/v1/tracks/4Fc62OkXYtEOjMmaSyJoQY,4Fc62OkXYtEOjMmaSyJoQY,Run,51,1
41,0.00151,0.497,206467,0.882,6szw2Y2ywtth0oc7ODN3Tz,7.11E-06,8,0.139,-5.621,1,0.0412,76.481,4,https://api.spotify.com/v1/tracks/6szw2Y2ywtth0oc7ODN3Tz,spotify:track:6szw2Y2ywtth0oc7ODN3Tz,0.922,album,247KCXJJqEGxii7kfI4NZ2,COIN,2015-06-05,day,10,album,spotify:album:247KCXJJqEGxii7kfI4NZ2,"[{'external_urls': {'spotify': 'https://open.spotify.com/artist/0ZxZlO7oWCSYMXhehpyMvE'}, 'href': 'https://api.spotify.com/v1/artists/0ZxZlO7oWCSYMXhehpyMvE', 'id': '0ZxZlO7oWCSYMXhehpyMvE', 'name': 'COIN', 'type': 'artist', 'uri': 'spotify:artist:0ZxZlO7oWCSYMXhehpyMvE'}]",206466,False,https://api.spotify.com/v1/tracks/6szw2Y2ywtth0oc7ODN3Tz,6szw2Y2ywtth0oc7ODN3Tz,Run,55,5
42,0.0208,0.464,262107,0.787,0hPj4YsrD3mZ7Wt1aKQc6S,0,8,0.0471,-5.955,0,0.369,176.628,4,https://api.spotify.com/v1/tracks/0hPj4YsrD3mZ7Wt1aKQc6S,spotify:track:0hPj4YsrD3mZ7Wt1aKQc6S,0.434,album,0qRi8GikRx1ZWEgYQBJiTH,Strange New Past,2015-06-19,day,13,album,spotify:album:0qRi8GikRx1ZWEgYQBJiTH,"[{'external_urls': {'spotify': 'https://open.spotify.com/artist/3N9qpKjXarCt5AIZRCeqr8'}, 'href': 'https://api.spotify.com/v1/artists/3N9qpKjXarCt5AIZRCeqr8', 'id': '3N9qpKjXarCt5AIZRCeqr8', 'name': 'Seth Sentry', 'type': 'artist', 'uri': 'spotify:artist:3N9qpKjXarCt5AIZRCeqr8'}]",262106,True,https://api.spotify.com/v1/tracks/0hPj4YsrD3mZ7Wt1aKQc6S,0hPj4YsrD3mZ7Wt1aKQc6S,Run,41,2
43,0.0371,0.71,195840,0.61,4dqnFd0dfgh4HgZ1w3AGTE,0.00178,3,0.133,-6.316,1,0.0271,125.018,4,https://api.spotify.com/v1/tracks/4dqnFd0dfgh4HgZ1w3AGTE,spotify:track:4dqnFd0dfgh4HgZ1w3AGTE,0.457,single,4Ytna3SE775GRHSyfIK0cQ,Run (Lost Frequencies Radio Edit),2015-07-24,day,1,album,spotify:album:4Ytna3SE775GRHSyfIK0cQ,"[{'external_urls': {'spotify': 'https://open.spotify.com/artist/1vlR56ECqMAOA2mUTcTgPV'}, 'href': 'https://api.spotify.com/v1/artists/1vlR56ECqMAOA2mUTcTgPV', 'id': '1vlR56ECqMAOA2mUTcTgPV', 'name': 'Emma Bale', 'type': 'artist', 'uri': 'spotify:artist:1vlR56ECqMAOA2mUTcTgPV'}, {'external_urls': {'spotify': 'https://open.spotify.com/artist/7f5Zgnp2spUuuzKplmRkt7'}, 'href': 'https://api.spotify.com/v1/artists/7f5Zgnp2spUuuzKplmRkt7', 'id': '7f5Zgnp2spUuuzKplmRkt7', 'name': 'Lost Frequencies', 'type': 'artist', 'uri': 'spotify:artist:7f5Zgnp2spUuuzKplmRkt7'}]",195840,False,https://api.spotify.com/v1/tracks/4dqnFd0dfgh4HgZ1w3AGTE,4dqnFd0dfgh4HgZ1w3AGTE,Run - Lost Frequencies Radio Edit,58,1
44,0.000585,0.594,240000,0.916,4aJH4kVoy2tlhCwiwrMDeb,0.635,11,0.0854,-4.158,1,0.0331,140.011,4,https://api.spotify.com/v1/tracks/4aJH4kVoy2tlhCwiwrMDeb,spotify:track:4aJH4kVoy2tlhCwiwrMDeb,0.32,album,6HRMpuoLWFpYL8BO5CqymH,Sapphire,2015-08-21,day,7,album,spotify:album:6HRMpuoLWFpYL8BO5CqymH,"[{'external_urls': {'spotify': 'https://open.spotify.com/artist/2WMIMX93pQyfyAF2J2r1ID'}, 'href': 'https://api.spotify.com/v1/artists/2WMIMX93pQyfyAF2J2r1ID', 'id': '2WMIMX93pQyfyAF2J2r1ID', 'name': 'Veorra', 'type': 'artist', 'uri': 'spotify:artist:2WMIMX93pQyfyAF2J2r1ID'}]",240000,False,https://api.spotify.com/v1/tracks/4aJH4kVoy2tlhCwiwrMDeb,4aJH4kVoy2tlhCwiwrMDeb,Run,59,3
45,0.00301,0.481,222760,0.938,1wvs9V8xEJStRzx78lSNJK,0.000153,11,0.0859,-4.759,0,0.0781,134.962,4,https://api.spotify.com/v1/tracks/1wvs9V8xEJStRzx78lSNJK,spotify:track:1wvs9V8xEJStRzx78lSNJK,0.357,album,7FqHuAvmREiIwVXVpZ9ooP,That's The Spirit,2015-09-11,day,11,album,spotify:album:7FqHuAvmREiIwVXVpZ9ooP,"[{'external_urls': {'spotify': 'https://open.spotify.com/artist/1Ffb6ejR6Fe5IamqA5oRUF'}, 'href': 'https://api.spotify.com/v1/artists/1Ffb6ejR6Fe5IamqA5oRUF', 'id': '1Ffb6ejR6Fe5IamqA5oRUF', 'name': 'Bring Me The Horizon', 'type': 'artist', 'uri': 'spotify:artist:1Ffb6ejR6Fe5IamqA5oRUF'}]",222760,False,https://api.spotify.com/v1/tracks/1wvs9V8xEJStRzx78lSNJK,1wvs9V8xEJStRzx78lSNJK,Run,61,8
46,0.00538,0.344,286973,0.452,4Hg1ZJgGoUoHzEkSS4UVrc,0.00252,8,0.104,-10.012,1,0.0353,117.721,5,https://api.spotify.com/v1/tracks/4Hg1ZJgGoUoHzEkSS4UVrc,spotify:track:4Hg1ZJgGoUoHzEkSS4UVrc,0.108,album,1peuAcDUYzZvF31WnvQ4wQ,We The Generation (Deluxe Edition),2015-10-02,day,18,album,spotify:album:1peuAcDUYzZvF31WnvQ4wQ,"[{'external_urls': {'spotify': 'https://open.spotify.com/artist/4WN5naL3ofxrVBgFpguzKo'}, 'href': 'https://api.spotify.com/v1/artists/4WN5naL3ofxrVBgFpguzKo', 'id': '4WN5naL3ofxrVBgFpguzKo', 'name': 'Rudimental', 'type': 'artist', 'uri': 'spotify:artist:4WN5naL3ofxrVBgFpguzKo'}, {'external_urls': {'spotify': 'https://open.spotify.com/artist/39AZSw4A8hCFWunEg2k89Z'}, 'href': 'https://api.spotify.com/v1/artists/39AZSw4A8hCFWunEg2k89Z', 'id': '39AZSw4A8hCFWunEg2k89Z', 'name': 'Will Heard', 'type': 'artist', 'uri': 'spotify:artist:39AZSw4A8hCFWunEg2k89Z'}]",286973,False,https://api.spotify.com/v1/tracks/4Hg1ZJgGoUoHzEkSS4UVrc,4Hg1ZJgGoUoHzEkSS4UVrc,Run (feat. Will Heard),27,16
47,0.00146,0.554,236748,0.878,0PAq1DRlOGBAjXLno94j6b,0,11,0.0998,-3.02,0,0.0513,132.889,4,https://api.spotify.com/v1/tracks/0PAq1DRlOGBAjXLno94j6b,spotify:track:0PAq1DRlOGBAjXLno94j6b,0.55,album,4frjaGAtuBmm8CPuYPY4oG,The Most Beautiful Moment in Life Pt.2,2015-11-30,day,9,album,spotify:album:4frjaGAtuBmm8CPuYPY4oG,"[{'external_urls': {'spotify': 'https://open.spotify.com/artist/3Nrfpe0tUJi4K4DXYWgMUX'}, 'href': 'https://api.spotify.com/v1/artists/3Nrfpe0tUJi4K4DXYWgMUX', 'id': '3Nrfpe0tUJi4K4DXYWgMUX', 'name': 'BTS', 'type': 'artist', 'uri': 'spotify:artist:3Nrfpe0tUJi4K4DXYWgMUX'}]",236748,False,https://api.spotify.com/v1/tracks/0PAq1DRlOGBAjXLno94j6b,0PAq1DRlOGBAjXLno94j6b,Run,65,2
48,0.0123,0.63,172573,0.724,6hIIF9MrnRtAJOVcKFWCg6,6.82E-06,10,0.0592,-3.048,0,0.0825,82.989,4,https://api.spotify.com/v1/tracks/6hIIF9MrnRtAJOVcKFWCg6,spotify:track:6hIIF9MrnRtAJOVcKFWCg6,0.681,single,1DrZfeqI4IvteVc7i3EA4Y,Run,2016-01-12,day,1,album,spotify:album:1DrZfeqI4IvteVc7i3EA4Y,"[{'external_urls': {'spotify': 'https://open.spotify.com/artist/0S2dfczvN0sOxEw559snHT'}, 'href': 'https://api.spotify.com/v1/artists/0S2dfczvN0sOxEw559snHT', 'id': '0S2dfczvN0sOxEw559snHT', 'name': 'Tiggs Da Author', 'type': 'artist', 'uri': 'spotify:artist:0S2dfczvN0sOxEw559snHT'}, {'external_urls': {'spotify': 'https://open.spotify.com/artist/1Bk2KyFVMN5PeyVyDIiLqF'}, 'href': 'https://api.spotify.com/v1/artists/1Bk2KyFVMN5PeyVyDIiLqF', 'id': '1Bk2KyFVMN5PeyVyDIiLqF', 'name': 'Lady Leshurr', 'type': 'artist', 'uri': 'spotify:artist:1Bk2KyFVMN5PeyVyDIiLqF'}]",172573,True,https://api.spotify.com/v1/tracks/6hIIF9MrnRtAJOVcKFWCg6,6hIIF9MrnRtAJOVcKFWCg6,Run,44,1
49,0.57,0.556,359785,0.898,6DuZiUskmmowv4zLdLfSxt,0.897,1,0.0951,-5.465,1,0.0587,125.99,4,https://api.spotify.com/v1/tracks/6DuZiUskmmowv4zLdLfSxt,spotify:track:6DuZiUskmmowv4zLdLfSxt,0.127,album,3V0mDywNFRF9zqzG8L8IPr,U,2016-05-06,day,10,album,spotify:album:3V0mDywNFRF9zqzG8L8IPr,"[{'external_urls': {'spotify': 'https://open.spotify.com/artist/2ABBMkcUeM9hdpimo86mo6'}, 'href': 'https://api.spotify.com/v1/artists/2ABBMkcUeM9hdpimo86mo6', 'id': '2ABBMkcUeM9hdpimo86mo6', 'name': 'Tourist', 'type': 'artist', 'uri': 'spotify:artist:2ABBMkcUeM9hdpimo86mo6'}]",359785,False,https://api.spotify.com/v1/tracks/6DuZiUskmmowv4zLdLfSxt,6DuZiUskmmowv4zLdLfSxt,Run,51,3
50,0.000796,0.467,340167,0.959,6QhTm8GJoXJmFJMu46wiva,0.919,7,0.315,-6.502,1,0.0462,175.024,4,https://api.spotify.com/v1/tracks/6QhTm8GJoXJmFJMu46wiva,spotify:track:6QhTm8GJoXJmFJMu46wiva,0.823,album,290Z76V4vWxVMtAkl9nEzO,Radiance,2016-05-26,day,9,album,spotify:album:290Z76V4vWxVMtAkl9nEzO,"[{'external_urls': {'spotify': 'https://open.spotify.com/artist/5FZFwUH5o4F6keBa5Dqcqc'}, 'href': 'https://api.spotify.com/v1/artists/5FZFwUH5o4F6keBa5Dqcqc', 'id': '5FZFwUH5o4F6keBa5Dqcqc', 'name': 'N-Scrypt', 'type': 'artist', 'uri': 'spotify:artist:5FZFwUH5o4F6keBa5Dqcqc'}]",340166,False,https://api.spotify.com/v1/tracks/6QhTm8GJoXJmFJMu46wiva,6QhTm8GJoXJmFJMu46wiva,Run,36,3
51,0.15,0.621,211093,0.587,0USj1B2ZoDkFsNfC5gLCKj,0.00268,7,0.111,-7.537,1,0.0376,74,4,https://api.spotify.com/v1/tracks/0USj1B2ZoDkFsNfC5gLCKj,spotify:track:0USj1B2ZoDkFsNfC5gLCKj,0.399,single,38IgdzcIBdWpX3DhJqzs8t,Lamplight Sessions EP,2016-07-01,day,4,album,spotify:album:38IgdzcIBdWpX3DhJqzs8t,"[{'external_urls': {'spotify': 'https://open.spotify.com/artist/7etzKNDxaZ1LefgbGrexsN'}, 'href': 'https://api.spotify.com/v1/artists/7etzKNDxaZ1LefgbGrexsN', 'id': '7etzKNDxaZ1LefgbGrexsN', 'name': 'Wyvern Lingo', 'type': 'artist', 'uri': 'spotify:artist:7etzKNDxaZ1LefgbGrexsN'}]",211093,False,https://api.spotify.com/v1/tracks/0USj1B2ZoDkFsNfC5gLCKj,0USj1B2ZoDkFsNfC5gLCKj,Run,33,4
52,0.0226,0.764,170696,0.744,2Nmx8Baxn0dYoO5L47LOaD,8.97E-06,9,0.032,-5.601,1,0.245,156.042,4,https://api.spotify.com/v1/tracks/2Nmx8Baxn0dYoO5L47LOaD,spotify:track:2Nmx8Baxn0dYoO5L47LOaD,0.701,album,6TJZXLIClV5tzeB07ibXVR,Lost in Paradise,2017-02-03,day,12,album,spotify:album:6TJZXLIClV5tzeB07ibXVR,"[{'external_urls': {'spotify': 'https://open.spotify.com/artist/4j0qbafzqnGf4ARF8tY4VL'}, 'href': 'https://api.spotify.com/v1/artists/4j0qbafzqnGf4ARF8tY4VL', 'id': '4j0qbafzqnGf4ARF8tY4VL', 'name': 'Common Kings', 'type': 'artist', 'uri': 'spotify:artist:4j0qbafzqnGf4ARF8tY4VL'}]",170696,False,https://api.spotify.com/v1/tracks/2Nmx8Baxn0dYoO5L47LOaD,2Nmx8Baxn0dYoO5L47LOaD,Run,21,7
53,0.877,0.701,276106,0.469,2JyMLTDO57dtxKjm8jNBUA,0.000152,2,0.241,-8.301,1,0.0292,112.983,4,https://api.spotify.com/v1/tracks/2JyMLTDO57dtxKjm8jNBUA,spotify:track:2JyMLTDO57dtxKjm8jNBUA,0.364,album,5el3aDTuvl62pS9F48c55u,Manchild,2017-02-04,day,9,album,spotify:album:5el3aDTuvl62pS9F48c55u,"[{'external_urls': {'spotify': 'https://open.spotify.com/artist/5mqguTgtaoCMNMZD6txCh6'}, 'href': 'https://api.spotify.com/v1/artists/5mqguTgtaoCMNMZD6txCh6', 'id': '5mqguTgtaoCMNMZD6txCh6', 'name': 'Phum Viphurit', 'type': 'artist', 'uri': 'spotify:artist:5mqguTgtaoCMNMZD6txCh6'}]",276106,False,https://api.spotify.com/v1/tracks/2JyMLTDO57dtxKjm8jNBUA,2JyMLTDO57dtxKjm8jNBUA,Run,49,2
54,0.00293,0.724,190889,0.952,5ppWiJybOYxTGQ98MwVTgv,0.0356,7,0.176,-5.687,1,0.073,124.001,4,https://api.spotify.com/v1/tracks/5ppWiJybOYxTGQ98MwVTgv,spotify:track:5ppWiJybOYxTGQ98MwVTgv,0.702,single,6RALDX67gWpuJzu8yLG3xO,Run,2017-03-03,day,1,album,spotify:album:6RALDX67gWpuJzu8yLG3xO,"[{'external_urls': {'spotify': 'https://open.spotify.com/artist/2E1NFr5AeEGUJkLUUsWCAO'}, 'href': 'https://api.spotify.com/v1/artists/2E1NFr5AeEGUJkLUUsWCAO', 'id': '2E1NFr5AeEGUJkLUUsWCAO', 'name': 'OFFAIAH', 'type': 'artist', 'uri': 'spotify:artist:2E1NFr5AeEGUJkLUUsWCAO'}]",190889,False,https://api.spotify.com/v1/tracks/5ppWiJybOYxTGQ98MwVTgv,5ppWiJybOYxTGQ98MwVTgv,Run,35,1
55,0.656,0.597,256167,0.238,1tUNLPSF4c0W1gcNRtNTgO,0,11,0.176,-8.967,1,0.0384,114.418,4,https://api.spotify.com/v1/tracks/1tUNLPSF4c0W1gcNRtNTgO,spotify:track:1tUNLPSF4c0W1gcNRtNTgO,0.172,album,2mab8MuzOS1gfqQRifS5Gk,Midnight,2017-03-24,day,11,album,spotify:album:2mab8MuzOS1gfqQRifS5Gk,"[{'external_urls': {'spotify': 'https://open.spotify.com/artist/40ELTAg7Kg6vbWnlyx2n9R'}, 'href': 'https://api.spotify.com/v1/artists/40ELTAg7Kg6vbWnlyx2n9R', 'id': '40ELTAg7Kg6vbWnlyx2n9R', 'name': 'Lewis Watson', 'type': 'artist', 'uri': 'spotify:artist:40ELTAg7Kg6vbWnlyx2n9R'}]",256166,False,https://api.spotify.com/v1/tracks/1tUNLPSF4c0W1gcNRtNTgO,1tUNLPSF4c0W1gcNRtNTgO,Run,14,8
56,0.959,0.772,258286,0.287,5BKsYzdDAFQciL9Y4wf09d,0.0426,1,0.331,-12.897,1,0.0365,117.945,4,https://api.spotify.com/v1/tracks/5BKsYzdDAFQciL9Y4wf09d,spotify:track:5BKsYzdDAFQciL9Y4wf09d,0.343,single,3tAfzN8JE6Jkxbx6J4Ke35,Fable,2017-03-31,day,4,album,spotify:album:3tAfzN8JE6Jkxbx6J4Ke35,"[{'external_urls': {'spotify': 'https://open.spotify.com/artist/7qhWa7UI1QNZNDnzYwAYZm'}, 'href': 'https://api.spotify.com/v1/artists/7qhWa7UI1QNZNDnzYwAYZm', 'id': '7qhWa7UI1QNZNDnzYwAYZm', 'name': 'Vallis Alps', 'type': 'artist', 'uri': 'spotify:artist:7qhWa7UI1QNZNDnzYwAYZm'}]",258286,False,https://api.spotify.com/v1/tracks/5BKsYzdDAFQciL9Y4wf09d,5BKsYzdDAFQciL9Y4wf09d,Run,40,3
57,0.0753,0.588,164270,0.749,3XNEgw7ekEQW3rmNzWQMkM,0.00171,5,0.247,-6.77,0,0.0773,169.902,4,https://api.spotify.com/v1/tracks/3XNEgw7ekEQW3rmNzWQMkM,spotify:track:3XNEgw7ekEQW3rmNzWQMkM,0.632,album,1yqhpbgK7EsERBhwUnP8D7,1,2017-04-14,day,7,album,spotify:album:1yqhpbgK7EsERBhwUnP8D7,"[{'external_urls': {'spotify': 'https://open.spotify.com/artist/0Eu1iITczylFIe4LmvXRky'}, 'href': 'https://api.spotify.com/v1/artists/0Eu1iITczylFIe4LmvXRky', 'id': '0Eu1iITczylFIe4LmvXRky', 'name': 'Michael Barr', 'type': 'artist', 'uri': 'spotify:artist:0Eu1iITczylFIe4LmvXRky'}]",164269,True,https://api.spotify.com/v1/tracks/3XNEgw7ekEQW3rmNzWQMkM,3XNEgw7ekEQW3rmNzWQMkM,Run,36,3
58,0.0404,0.457,211293,0.834,55SLf5UJ2jxdAMWq8zvT19,6.7E-06,8,0.119,-3.916,0,0.0553,174.013,4,https://api.spotify.com/v1/tracks/55SLf5UJ2jxdAMWq8zvT19,spotify:track:55SLf5UJ2jxdAMWq8zvT19,0.138,album,3LWJxkqwejFxiEOyis0pPl,Hypnotic,2017-04-21,day,14,album,spotify:album:3LWJxkqwejFxiEOyis0pPl,"[{'external_urls': {'spotify': 'https://open.spotify.com/artist/6m8itYST9ADjBIYevXSb1r'}, 'href': 'https://api.spotify.com/v1/artists/6m8itYST9ADjBIYevXSb1r', 'id': '6m8itYST9ADjBIYevXSb1r', 'name': 'Wilkinson', 'type': 'artist', 'uri': 'spotify:artist:6m8itYST9ADjBIYevXSb1r'}, {'external_urls': {'spotify': 'https://open.spotify.com/artist/0AkL5tzM3UsDlWak9E0OwH'}, 'href': 'https://api.spotify.com/v1/artists/0AkL5tzM3UsDlWak9E0OwH', 'id': '0AkL5tzM3UsDlWak9E0OwH', 'name': 'Jem Cooke', 'type': 'artist', 'uri': 'spotify:artist:0AkL5tzM3UsDlWak9E0OwH'}]",211293,False,https://api.spotify.com/v1/tracks/55SLf5UJ2jxdAMWq8zvT19,55SLf5UJ2jxdAMWq8zvT19,Run,37,12
59,2.95E-05,0.365,323366,0.913,28KYBZXnvRk560ty8mdVIQ,0.0783,4,0.699,-8.01,0,0.0687,136.128,4,https://api.spotify.com/v1/tracks/28KYBZXnvRk560ty8mdVIQ,spotify:track:28KYBZXnvRk560ty8mdVIQ,0.128,single,1CGsXbXvhfNhgFJgt4JmQm,Run,2017-06-01,day,1,album,spotify:album:1CGsXbXvhfNhgFJgt4JmQm,"[{'external_urls': {'spotify': 'https://open.spotify.com/artist/7jy3rLJdDQY21OgRLCZ9sD'}, 'href': 'https://api.spotify.com/v1/artists/7jy3rLJdDQY21OgRLCZ9sD', 'id': '7jy3rLJdDQY21OgRLCZ9sD', 'name': 'Foo Fighters', 'type': 'artist', 'uri': 'spotify:artist:7jy3rLJdDQY21OgRLCZ9sD'}]",323366,False,https://api.spotify.com/v1/tracks/28KYBZXnvRk560ty8mdVIQ,28KYBZXnvRk560ty8mdVIQ,Run,55,1
60,0.238,0.605,236066,0.638,3L5rrNb5U4GMl8BmMdbnEh,0.00315,5,0.265,-4.544,1,0.0549,158.032,4,https://api.spotify.com/v1/tracks/3L5rrNb5U4GMl8BmMdbnEh,spotify:track:3L5rrNb5U4GMl8BmMdbnEh,0.288,single,4Z1cVdoMkqRuD2qri3Jsbb,Run,2017-09-01,day,1,album,spotify:album:4Z1cVdoMkqRuD2qri3Jsbb,"[{'external_urls': {'spotify': 'https://open.spotify.com/artist/2L2nmE6KywF9XY6wUnSEQj'}, 'href': 'https://api.spotify.com/v1/artists/2L2nmE6KywF9XY6wUnSEQj', 'id': '2L2nmE6KywF9XY6wUnSEQj', 'name': 'Illusion', 'type': 'artist', 'uri': 'spotify:artist:2L2nmE6KywF9XY6wUnSEQj'}]",236065,False,https://api.spotify.com/v1/tracks/3L5rrNb5U4GMl8BmMdbnEh,3L5rrNb5U4GMl8BmMdbnEh,Run,17,1
61,0.213,0.575,178120,0.836,3PaqbRfUAxp91XYS2PJHZ1,0.0642,6,0.106,-8.097,1,0.0735,119.909,4,https://api.spotify.com/v1/tracks/3PaqbRfUAxp91XYS2PJHZ1,spotify:track:3PaqbRfUAxp91XYS2PJHZ1,0.247,single,4CiliSLwQhezbeC3ckOolN,Run,2017-09-15,day,1,album,spotify:album:4CiliSLwQhezbeC3ckOolN,"[{'external_urls': {'spotify': 'https://open.spotify.com/artist/0hxW1uZPEjt4wuu9wNDF2y'}, 'href': 'https://api.spotify.com/v1/artists/0hxW1uZPEjt4wuu9wNDF2y', 'id': '0hxW1uZPEjt4wuu9wNDF2y', 'name': 'Matt Nash', 'type': 'artist', 'uri': 'spotify:artist:0hxW1uZPEjt4wuu9wNDF2y'}, {'external_urls': {'spotify': 'https://open.spotify.com/artist/2oZ9We4LkpN7I062fHkci3'}, 'href': 'https://api.spotify.com/v1/artists/2oZ9We4LkpN7I062fHkci3', 'id': '2oZ9We4LkpN7I062fHkci3', 'name': 'Delayers', 'type': 'artist', 'uri': 'spotify:artist:2oZ9We4LkpN7I062fHkci3'}]",178120,False,https://api.spotify.com/v1/tracks/3PaqbRfUAxp91XYS2PJHZ1,3PaqbRfUAxp91XYS2PJHZ1,Run,45,1
62,0.132,0.642,219168,0.726,2KjYpOeV5QUacBRCryvgPo,0,9,0.227,-5.044,1,0.0555,81.961,4,https://api.spotify.com/v1/tracks/2KjYpOeV5QUacBRCryvgPo,spotify:track:2KjYpOeV5QUacBRCryvgPo,0.281,single,0ATs7XoyXolPxK5vADyZlH,Dream Pt. 2,2017-11-01,day,5,album,spotify:album:0ATs7XoyXolPxK5vADyZlH,"[{'external_urls': {'spotify': 'https://open.spotify.com/artist/4pz4uzOMpJQyV8UTsDy4H8'}, 'href': 'https://api.spotify.com/v1/artists/4pz4uzOMpJQyV8UTsDy4H8', 'id': '4pz4uzOMpJQyV8UTsDy4H8', 'name': 'ASTRO', 'type': 'artist', 'uri': 'spotify:artist:4pz4uzOMpJQyV8UTsDy4H8'}]",219168,False,https://api.spotify.com/v1/tracks/2KjYpOeV5QUacBRCryvgPo,2KjYpOeV5QUacBRCryvgPo,Run,42,4
63,0.137,0.366,196773,0.73,4nA2XtsDPZmVCz3XoKLCKm,1.6E-05,6,0.0447,-4.864,1,0.0406,82.449,4,https://api.spotify.com/v1/tracks/4nA2XtsDPZmVCz3XoKLCKm,spotify:track:4nA2XtsDPZmVCz3XoKLCKm,0.332,album,06AzmWtWOUCb5ZKJLh68b4,Piece Of Me,2018-01-19,day,10,album,spotify:album:06AzmWtWOUCb5ZKJLh68b4,"[{'external_urls': {'spotify': 'https://open.spotify.com/artist/4D3jbGqN1G7WxpRYJ1R6gL'}, 'href': 'https://api.spotify.com/v1/artists/4D3jbGqN1G7WxpRYJ1R6gL', 'id': '4D3jbGqN1G7WxpRYJ1R6gL', 'name': 'Missy Lancaster', 'type': 'artist', 'uri': 'spotify:artist:4D3jbGqN1G7WxpRYJ1R6gL'}]",196773,False,https://api.spotify.com/v1/tracks/4nA2XtsDPZmVCz3XoKLCKm,4nA2XtsDPZmVCz3XoKLCKm,Run,14,2
64,0.0111,0.465,218270,0.696,2lMoO207dax46aGAyh6Kow,0.0161,7,0.247,-9.863,1,0.0268,82.505,4,https://api.spotify.com/v1/tracks/2lMoO207dax46aGAyh6Kow,spotify:track:2lMoO207dax46aGAyh6Kow,0.565,single,4oGw0d4736JVv3Lcwi2toT,run,2018-03-01,day,1,album,spotify:album:4oGw0d4736JVv3Lcwi2toT,"[{'external_urls': {'spotify': 'https://open.spotify.com/artist/08q2kFjr9p4cJqTGU9xJgg'}, 'href': 'https://api.spotify.com/v1/artists/08q2kFjr9p4cJqTGU9xJgg', 'id': '08q2kFjr9p4cJqTGU9xJgg', 'name': 'pronoun', 'type': 'artist', 'uri': 'spotify:artist:08q2kFjr9p4cJqTGU9xJgg'}]",218269,False,https://api.spotify.com/v1/tracks/2lMoO207dax46aGAyh6Kow,2lMoO207dax46aGAyh6Kow,run,41,1
65,0.0541,0.516,171429,0.578,6DO2xG2UaqzfncoiUesSTu,0,6,0.109,-1.397,0,0.0335,97.328,4,https://api.spotify.com/v1/tracks/6DO2xG2UaqzfncoiUesSTu,spotify:track:6DO2xG2UaqzfncoiUesSTu,0.526,single,1uMxci9B3nvsFPkpDobs7m,Run,2018-03-02,day,1,album,spotify:album:1uMxci9B3nvsFPkpDobs7m,"[{'external_urls': {'spotify': 'https://open.spotify.com/artist/32Aw9aJJoXXC1Vn3zqzJbQ'}, 'href': 'https://api.spotify.com/v1/artists/32Aw9aJJoXXC1Vn3zqzJbQ', 'id': '32Aw9aJJoXXC1Vn3zqzJbQ', 'name': 'TV Noise', 'type': 'artist', 'uri': 'spotify:artist:32Aw9aJJoXXC1Vn3zqzJbQ'}, {'external_urls': {'spotify': 'https://open.spotify.com/artist/76yeOnINtQSXyoEHbkYmtY'}, 'href': 'https://api.spotify.com/v1/artists/76yeOnINtQSXyoEHbkYmtY', 'id': '76yeOnINtQSXyoEHbkYmtY', 'name': 'Drew Love', 'type': 'artist', 'uri': 'spotify:artist:76yeOnINtQSXyoEHbkYmtY'}]",171428,False,https://api.spotify.com/v1/tracks/6DO2xG2UaqzfncoiUesSTu,6DO2xG2UaqzfncoiUesSTu,Run,36,1
66,0.0477,0.754,225000,0.403,2FY7T5i797htULMjdIprsx,0.000407,0,0.127,-13.796,0,0.0315,127.997,4,https://api.spotify.com/v1/tracks/2FY7T5i797htULMjdIprsx,spotify:track:2FY7T5i797htULMjdIprsx,0.125,album,0omMZWjXFtqLPfMalZvuZ8,Promises,2018-03-16,day,25,album,spotify:album:0omMZWjXFtqLPfMalZvuZ8,"[{'external_urls': {'spotify': 'https://open.spotify.com/artist/4EfCtZ83gYa9yQfn09F5RK'}, 'href': 'https://api.spotify.com/v1/artists/4EfCtZ83gYa9yQfn09F5RK', 'id': '4EfCtZ83gYa9yQfn09F5RK', 'name': 'DJ Fishbone', 'type': 'artist', 'uri': 'spotify:artist:4EfCtZ83gYa9yQfn09F5RK'}]",225000,False,https://api.spotify.com/v1/tracks/2FY7T5i797htULMjdIprsx,2FY7T5i797htULMjdIprsx,Run!,5,15
67,0.0474,0.507,179161,0.46,75tNddRgBXx6w1ylwdWcso,0.73,0,0.219,-11.886,0,0.0416,97.999,4,https://api.spotify.com/v1/tracks/75tNddRgBXx6w1ylwdWcso,spotify:track:75tNddRgBXx6w1ylwdWcso,0.0638,single,601iJTnGDMzRkPEi2Knkxt,Run,2018-03-25,day,1,album,spotify:album:601iJTnGDMzRkPEi2Knkxt,"[{'external_urls': {'spotify': 'https://open.spotify.com/artist/5ZyTLGmGVyPcuv17gy4fvw'}, 'href': 'https://api.spotify.com/v1/artists/5ZyTLGmGVyPcuv17gy4fvw', 'id': '5ZyTLGmGVyPcuv17gy4fvw', 'name': 'dontask', 'type': 'artist', 'uri': 'spotify:artist:5ZyTLGmGVyPcuv17gy4fvw'}]",179160,False,https://api.spotify.com/v1/tracks/75tNddRgBXx6w1ylwdWcso,75tNddRgBXx6w1ylwdWcso,Run,24,1
68,0.14,0.787,107787,0.694,7LaLv7r8FLaAhOqKf2N99N,0,9,0.205,-4.366,1,0.238,145.119,4,https://api.spotify.com/v1/tracks/7LaLv7r8FLaAhOqKf2N99N,spotify:track:7LaLv7r8FLaAhOqKf2N99N,0.655,album,2hdRJLsW5qdvVZ0yaYpqO4,BEWARE THE BOOK OF ELI,2018-05-11,day,10,album,spotify:album:2hdRJLsW5qdvVZ0yaYpqO4,"[{'external_urls': {'spotify': 'https://open.spotify.com/artist/2rhFzFmezpnW82MNqEKVry'}, 'href': 'https://api.spotify.com/v1/artists/2rhFzFmezpnW82MNqEKVry', 'id': '2rhFzFmezpnW82MNqEKVry', 'name': 'Ski Mask The Slump God', 'type': 'artist', 'uri': 'spotify:artist:2rhFzFmezpnW82MNqEKVry'}]",107786,True,https://api.spotify.com/v1/tracks/7LaLv7r8FLaAhOqKf2N99N,7LaLv7r8FLaAhOqKf2N99N,RUN,60,2
69,0.0366,0.384,259213,0.981,7yMPc0m25BDyXU1xrGkiSQ,0,8,0.134,-3.164,1,0.0739,178.004,4,https://api.spotify.com/v1/tracks/7yMPc0m25BDyXU1xrGkiSQ,spotify:track:7yMPc0m25BDyXU1xrGkiSQ,0.468,album,5EL7LvV9ulZTHo63RJX2cn,RUN!,2018-05-11,day,9,album,spotify:album:5EL7LvV9ulZTHo63RJX2cn,"[{'external_urls': {'spotify': 'https://open.spotify.com/artist/20bAxKr0YrCvceZeLqs37e'}, 'href': 'https://api.spotify.com/v1/artists/20bAxKr0YrCvceZeLqs37e', 'id': '20bAxKr0YrCvceZeLqs37e', 'name': 'Nomy', 'type': 'artist', 'uri': 'spotify:artist:20bAxKr0YrCvceZeLqs37e'}]",259213,True,https://api.spotify.com/v1/tracks/7yMPc0m25BDyXU1xrGkiSQ,7yMPc0m25BDyXU1xrGkiSQ,RUN!,22,1
70,0.0222,0.604,230261,0.83,5exAIN5MvefKPt426uKnxx,6.52E-05,11,0.165,-3.14,0,0.0336,93.985,4,https://api.spotify.com/v1/tracks/5exAIN5MvefKPt426uKnxx,spotify:track:5exAIN5MvefKPt426uKnxx,0.639,album,2Os4qaiAkGibVhjVTH4pEH,Best of Cascada,2018-05-18,day,30,album,spotify:album:2Os4qaiAkGibVhjVTH4pEH,"[{'external_urls': {'spotify': 'https://open.spotify.com/artist/0N0d3kjwdY2h7UVuTdJGfp'}, 'href': 'https://api.spotify.com/v1/artists/0N0d3kjwdY2h7UVuTdJGfp', 'id': '0N0d3kjwdY2h7UVuTdJGfp', 'name': 'Cascada', 'type': 'artist', 'uri': 'spotify:artist:0N0d3kjwdY2h7UVuTdJGfp'}]",230260,True,https://api.spotify.com/v1/tracks/5exAIN5MvefKPt426uKnxx,5exAIN5MvefKPt426uKnxx,Run,9,14
71,0.815,0.511,224388,0.423,3pcH3fiTh7l8dny4nOkc5U,0.017,1,0.107,-10.69,1,0.0281,97.526,4,https://api.spotify.com/v1/tracks/3pcH3fiTh7l8dny4nOkc5U,spotify:track:3pcH3fiTh7l8dny4nOkc5U,0.0982,single,4nIjfCHF8t4pLK6GZ6q2Va,Run,2018-05-25,day,1,album,spotify:album:4nIjfCHF8t4pLK6GZ6q2Va,"[{'external_urls': {'spotify': 'https://open.spotify.com/artist/6EmD2wtIOZ2WEWp0w9Zyxp'}, 'href': 'https://api.spotify.com/v1/artists/6EmD2wtIOZ2WEWp0w9Zyxp', 'id': '6EmD2wtIOZ2WEWp0w9Zyxp', 'name': 'Ella Grace', 'type': 'artist', 'uri': 'spotify:artist:6EmD2wtIOZ2WEWp0w9Zyxp'}]",224387,False,https://api.spotify.com/v1/tracks/3pcH3fiTh7l8dny4nOkc5U,3pcH3fiTh7l8dny4nOkc5U,Run,41,1
72,0.187,0.764,226840,0.685,6qBwmCd2cLd4O7uIGfvak1,6.74E-05,4,0.0739,-6.71,0,0.069,136.95,4,https://api.spotify.com/v1/tracks/6qBwmCd2cLd4O7uIGfvak1,spotify:track:6qBwmCd2cLd4O7uIGfvak1,0.613,album,1hRYipX64G3lncvBsR8Fry,Jinah Restaurant Full Course,2018-06-26,day,13,album,spotify:album:1hRYipX64G3lncvBsR8Fry,"[{'external_urls': {'spotify': 'https://open.spotify.com/artist/4SzO3ea2qcjg1uLyNJAWnM'}, 'href': 'https://api.spotify.com/v1/artists/4SzO3ea2qcjg1uLyNJAWnM', 'id': '4SzO3ea2qcjg1uLyNJAWnM', 'name': 'Lee Jin-Ah', 'type': 'artist', 'uri': 'spotify:artist:4SzO3ea2qcjg1uLyNJAWnM'}]",226839,False,https://api.spotify.com/v1/tracks/6qBwmCd2cLd4O7uIGfvak1,6qBwmCd2cLd4O7uIGfvak1,RUN,46,1
73,0.405,0.555,160400,0.422,1MjMpqiHCPQdPUdG44P2U4,0.0569,8,0.135,-11.541,0,0.0372,170.115,4,https://api.spotify.com/v1/tracks/1MjMpqiHCPQdPUdG44P2U4,spotify:track:1MjMpqiHCPQdPUdG44P2U4,0.35,single,7IjcTZQThdCKOl7DYvX0Zu,SKÁLD,2018-07-20,day,3,album,spotify:album:7IjcTZQThdCKOl7DYvX0Zu,"[{'external_urls': {'spotify': 'https://open.spotify.com/artist/3uliAYf4KyTkBpVf3BiWVv'}, 'href': 'https://api.spotify.com/v1/artists/3uliAYf4KyTkBpVf3BiWVv', 'id': '3uliAYf4KyTkBpVf3BiWVv', 'name': 'SKÁLD', 'type': 'artist', 'uri': 'spotify:artist:3uliAYf4KyTkBpVf3BiWVv'}]",160400,False,https://api.spotify.com/v1/tracks/1MjMpqiHCPQdPUdG44P2U4,1MjMpqiHCPQdPUdG44P2U4,Rún,45,3
74,0.0389,0.803,166560,0.638,3ExYesjg63TT202fbLZhNS,0,10,0.0625,-3.939,0,0.156,92.877,4,https://api.spotify.com/v1/tracks/3ExYesjg63TT202fbLZhNS,spotify:track:3ExYesjg63TT202fbLZhNS,0.436,single,1yPpxBWNlCcmsI1GarBctG,RUN,2018-08-24,day,1,album,spotify:album:1yPpxBWNlCcmsI1GarBctG,"[{'external_urls': {'spotify': 'https://open.spotify.com/artist/1gUi2utSbJLNPddYENJAp4'}, 'href': 'https://api.spotify.com/v1/artists/1gUi2utSbJLNPddYENJAp4', 'id': '1gUi2utSbJLNPddYENJAp4', 'name': 'Abhi The Nomad', 'type': 'artist', 'uri': 'spotify:artist:1gUi2utSbJLNPddYENJAp4'}]",166559,True,https://api.spotify.com/v1/tracks/3ExYesjg63TT202fbLZhNS,3ExYesjg63TT202fbLZhNS,RUN,46,1
75,0.00709,0.615,174986,0.68,5hLvfiqglyqDpse1EVoXXR,0.686,6,0.102,-5.968,1,0.0781,149.984,4,https://api.spotify.com/v1/tracks/5hLvfiqglyqDpse1EVoXXR,spotify:track:5hLvfiqglyqDpse1EVoXXR,0.458,single,5wophjYeY5WW8UCfw8j5Cr,RUN!,2018-09-19,day,3,album,spotify:album:5wophjYeY5WW8UCfw8j5Cr,"[{'external_urls': {'spotify': 'https://open.spotify.com/artist/1fVXf3tO0sp3If22KW4GWL'}, 'href': 'https://api.spotify.com/v1/artists/1fVXf3tO0sp3If22KW4GWL', 'id': '1fVXf3tO0sp3If22KW4GWL', 'name': 'Labrabass', 'type': 'artist', 'uri': 'spotify:artist:1fVXf3tO0sp3If22KW4GWL'}]",174985,False,https://api.spotify.com/v1/tracks/5hLvfiqglyqDpse1EVoXXR,5hLvfiqglyqDpse1EVoXXR,Run,21,2
76,0.275,0.439,287880,0.54,3gQGnhWcVBDCsZAoLFJPnf,6.06E-06,10,0.0939,-6.63,0,0.0266,81.003,4,https://api.spotify.com/v1/tracks/3gQGnhWcVBDCsZAoLFJPnf,spotify:track:3gQGnhWcVBDCsZAoLFJPnf,0.112,album,70406c1Pa2F3BQscpLiUME,Bridges (Deluxe),2018-09-21,day,14,album,spotify:album:70406c1Pa2F3BQscpLiUME,"[{'external_urls': {'spotify': 'https://open.spotify.com/artist/6cXMpsP9x0SH4kFfMyVezF'}, 'href': 'https://api.spotify.com/v1/artists/6cXMpsP9x0SH4kFfMyVezF', 'id': '6cXMpsP9x0SH4kFfMyVezF', 'name': 'Josh Groban', 'type': 'artist', 'uri': 'spotify:artist:6cXMpsP9x0SH4kFfMyVezF'}, {'external_urls': {'spotify': 'https://open.spotify.com/artist/4NgNsOXSwIzXlUIJcpnNUp'}, 'href': 'https://api.spotify.com/v1/artists/4NgNsOXSwIzXlUIJcpnNUp', 'id': '4NgNsOXSwIzXlUIJcpnNUp', 'name': 'Sarah McLachlan', 'type': 'artist', 'uri': 'spotify:artist:4NgNsOXSwIzXlUIJcpnNUp'}]",287880,False,https://api.spotify.com/v1/tracks/3gQGnhWcVBDCsZAoLFJPnf,3gQGnhWcVBDCsZAoLFJPnf,Run (Duet with Sarah McLachlan),51,6
77,0.57,0.556,359785,0.898,6IvqrgSMMrmySzH6Fcnjv5,0.897,1,0.0951,-5.465,1,0.0587,125.99,4,https://api.spotify.com/v1/tracks/6IvqrgSMMrmySzH6Fcnjv5,spotify:track:6IvqrgSMMrmySzH6Fcnjv5,0.127,album,74nw81rZ7Q3M7vZnkeA0VD,Essentials,2018-09-21,day,17,album,spotify:album:74nw81rZ7Q3M7vZnkeA0VD,"[{'external_urls': {'spotify': 'https://open.spotify.com/artist/2ABBMkcUeM9hdpimo86mo6'}, 'href': 'https://api.spotify.com/v1/artists/2ABBMkcUeM9hdpimo86mo6', 'id': '2ABBMkcUeM9hdpimo86mo6', 'name': 'Tourist', 'type': 'artist', 'uri': 'spotify:artist:2ABBMkcUeM9hdpimo86mo6'}]",359785,False,https://api.spotify.com/v1/tracks/6IvqrgSMMrmySzH6Fcnjv5,6IvqrgSMMrmySzH6Fcnjv5,Run,14,1
78,0.0223,0.693,252020,0.912,6SCeE5izrTuVFimhhcn2YP,5.39E-05,1,0.283,-6.81,1,0.0482,129.998,4,https://api.spotify.com/v1/tracks/6SCeE5izrTuVFimhhcn2YP,spotify:track:6SCeE5izrTuVFimhhcn2YP,0.613,single,2tpKz11qcri5fkRWEGEMz6,Run (feat. Rag'n'Bone Man) [DJ Q Remix],2018-09-28,day,2,album,spotify:album:2tpKz11qcri5fkRWEGEMz6,"[{'external_urls': {'spotify': 'https://open.spotify.com/artist/4Dokdwa3WB7ilQ2c2qvIBL'}, 'href': 'https://api.spotify.com/v1/artists/4Dokdwa3WB7ilQ2c2qvIBL', 'id': '4Dokdwa3WB7ilQ2c2qvIBL', 'name': 'Bugzy Malone', 'type': 'artist', 'uri': 'spotify:artist:4Dokdwa3WB7ilQ2c2qvIBL'}, {'external_urls': {'spotify': 'https://open.spotify.com/artist/4f9iBmdUOhQWeP7dcAn1pf'}, 'href': 'https://api.spotify.com/v1/artists/4f9iBmdUOhQWeP7dcAn1pf', 'id': '4f9iBmdUOhQWeP7dcAn1pf', 'name': ""Rag'n'Bone Man"", 'type': 'artist', 'uri': 'spotify:artist:4f9iBmdUOhQWeP7dcAn1pf'}, {'external_urls': {'spotify': 'https://open.spotify.com/artist/7dDPt2xIGymSDddx80OfF1'}, 'href': 'https://api.spotify.com/v1/artists/7dDPt2xIGymSDddx80OfF1', 'id': '7dDPt2xIGymSDddx80OfF1', 'name': 'DJ Q', 'type': 'artist', 'uri': 'spotify:artist:7dDPt2xIGymSDddx80OfF1'}]",252019,True,https://api.spotify.com/v1/tracks/6SCeE5izrTuVFimhhcn2YP,6SCeE5izrTuVFimhhcn2YP,Run (feat. Rag'n'Bone Man) [DJ Q Remix],33,1
79,0.123,0.705,228192,0.382,0QXHHEi0rHMwmkxK5pvc05,0,8,0.102,-9.819,0,0.0694,109.977,4,https://api.spotify.com/v1/tracks/0QXHHEi0rHMwmkxK5pvc05,spotify:track:0QXHHEi0rHMwmkxK5pvc05,0.453,album,6SWmGozzQDUaczHXMuE8Za,Malibu Nights,2018-10-05,day,9,album,spotify:album:6SWmGozzQDUaczHXMuE8Za,"[{'external_urls': {'spotify': 'https://open.spotify.com/artist/49tQo2QULno7gxHutgccqF'}, 'href': 'https://api.spotify.com/v1/artists/49tQo2QULno7gxHutgccqF', 'id': '49tQo2QULno7gxHutgccqF', 'name': 'LANY', 'type': 'artist', 'uri': 'spotify:artist:49tQo2QULno7gxHutgccqF'}]",228192,False,https://api.spotify.com/v1/tracks/0QXHHEi0rHMwmkxK5pvc05,0QXHHEi0rHMwmkxK5pvc05,Run,65,6
80,0.0134,0.551,323721,0.933,0MudK1K6b3FYObsupx5eOT,0.00039,9,0.0778,-2.742,0,0.173,172.019,4,https://api.spotify.com/v1/tracks/0MudK1K6b3FYObsupx5eOT,spotify:track:0MudK1K6b3FYObsupx5eOT,0.395,single,5g2xMMjxdmbiewSTvtibcb,Run (Hybrid Minds Remix),2018-10-19,day,1,album,spotify:album:5g2xMMjxdmbiewSTvtibcb,"[{'external_urls': {'spotify': 'https://open.spotify.com/artist/5ez11adLi95kAPuxh0RefJ'}, 'href': 'https://api.spotify.com/v1/artists/5ez11adLi95kAPuxh0RefJ', 'id': '5ez11adLi95kAPuxh0RefJ', 'name': 'Linguistics', 'type': 'artist', 'uri': 'spotify:artist:5ez11adLi95kAPuxh0RefJ'}, {'external_urls': {'spotify': 'https://open.spotify.com/artist/05lF0DUkLJqiW5o70SScyR'}, 'href': 'https://api.spotify.com/v1/artists/05lF0DUkLJqiW5o70SScyR', 'id': '05lF0DUkLJqiW5o70SScyR', 'name': 'Hybrid Minds', 'type': 'artist', 'uri': 'spotify:artist:05lF0DUkLJqiW5o70SScyR'}]",323720,False,https://api.spotify.com/v1/tracks/0MudK1K6b3FYObsupx5eOT,0MudK1K6b3FYObsupx5eOT,Run - Hybrid Minds Remix,51,1
81,0.994,0.357,34790,0.188,3TwR4IJ9gMPkzBXiLGyM8R,0.881,0,0.0886,-16.176,1,0.0832,65.265,4,https://api.spotify.com/v1/tracks/3TwR4IJ9gMPkzBXiLGyM8R,spotify:track:3TwR4IJ9gMPkzBXiLGyM8R,0.961,album,4DXpvcDL2iKvPwJQrdbDHC,Nomenclature,2018-11-01,day,10,album,spotify:album:4DXpvcDL2iKvPwJQrdbDHC,"[{'external_urls': {'spotify': 'https://open.spotify.com/artist/0QFF6FPPjbgtO4irGQtogN'}, 'href': 'https://api.spotify.com/v1/artists/0QFF6FPPjbgtO4irGQtogN', 'id': '0QFF6FPPjbgtO4irGQtogN', 'name': 'John Bar', 'type': 'artist', 'uri': 'spotify:artist:0QFF6FPPjbgtO4irGQtogN'}]",34790,False,https://api.spotify.com/v1/tracks/3TwR4IJ9gMPkzBXiLGyM8R,3TwR4IJ9gMPkzBXiLGyM8R,Run,8,3
82,0.164,0.666,176640,0.886,0aqMi0XNlUNWAx05NpKReN,9.12E-06,5,0.229,-4.671,1,0.0449,125.101,4,https://api.spotify.com/v1/tracks/0aqMi0XNlUNWAx05NpKReN,spotify:track:0aqMi0XNlUNWAx05NpKReN,0.378,single,4K9CcbjHIwcqr3cvL4OZO8,Run,2018-11-23,day,1,album,spotify:album:4K9CcbjHIwcqr3cvL4OZO8,"[{'external_urls': {'spotify': 'https://open.spotify.com/artist/4B9njk5H0MezHq02ZrF6SA'}, 'href': 'https://api.spotify.com/v1/artists/4B9njk5H0MezHq02ZrF6SA', 'id': '4B9njk5H0MezHq02ZrF6SA', 'name': 'Vinil', 'type': 'artist', 'uri': 'spotify:artist:4B9njk5H0MezHq02ZrF6SA'}, {'external_urls': {'spotify': 'https://open.spotify.com/artist/44f2VknHsd73D5LRwRYJaG'}, 'href': 'https://api.spotify.com/v1/artists/44f2VknHsd73D5LRwRYJaG', 'id': '44f2VknHsd73D5LRwRYJaG', 'name': 'LYE', 'type': 'artist', 'uri': 'spotify:artist:44f2VknHsd73D5LRwRYJaG'}]",176640,False,https://api.spotify.com/v1/tracks/0aqMi0XNlUNWAx05NpKReN,0aqMi0XNlUNWAx05NpKReN,Run,46,1
